{"sections":{"image_banner":{"type":"image-banner","blocks":{"heading":{"type":"heading","settings":{"heading":"Browse our latest products","heading_size":"h0"}},"button":{"type":"buttons","settings":{"button_label_1":"Shop all","button_link_1":"shopify:\/\/collections\/all","button_style_secondary_1":true,"button_label_2":"","button_link_2":"","button_style_secondary_2":false}}},"block_order":["heading","button"],"settings":{"select":"MP4","vid":"","image_overlay_opacity":40,"image_height":"large","desktop_content_position":"bottom-center","show_text_box":false,"desktop_content_alignment":"center","color_scheme":"inverse","image_behavior":"none","mobile_content_alignment":"center","stack_images_on_mobile":false,"show_text_below":false}},"featured_collection":{"type":"featured-collection","settings":{"title":"Featured products","heading_size":"h2","description":"","show_description":false,"description_style":"body","collection":"all","products_to_show":8,"columns_desktop":4,"full_width":false,"show_view_all":true,"view_all_style":"solid","enable_desktop_slider":false,"color_scheme":"background-1","image_ratio":"adapt","image_shape":"default","show_secondary_image":true,"show_vendor":false,"show_rating":false,"enable_quick_add":false,"columns_mobile":"2","swipe_on_mobile":false,"padding_top":44,"padding_bottom":36}},"car_slider_g3itHe":{"type":"car-slider","settings":{}},"902d458a-18cb-4bc4-867b-52ac6f021d08":{"type":"occation_home","settings":{"enabletext":true}},"1706873124e88ef96e":{"type":"apps","settings":{"include_margins":true}},"1708349600fb7fd32f":{"type":"apps","blocks":{"easysearch_year_make_model_easysearch_widget_GwR4re":{"type":"shopify:\/\/apps\/easysearch-year-make-model\/blocks\/easysearch-widget\/6d82686b-b68a-4b5e-98e3-e07b2b53d810","settings":{"placement_selector":"","insert_method":"prepend"}}},"block_order":["easysearch_year_make_model_easysearch_widget_GwR4re"],"settings":{"include_margins":true}},"contact_form_KKPTnP":{"type":"contact-form","settings":{"heading":"Contact form","heading_size":"h1","color_scheme":"","padding_top":36,"padding_bottom":36}}},"order":["image_banner","featured_collection","car_slider_g3itHe","902d458a-18cb-4bc4-867b-52ac6f021d08","1706873124e88ef96e","1708349600fb7fd32f","contact_form_KKPTnP"]}