{"sections":{"main":{"type":"main-page","disabled":true,"settings":{"padding_top":28,"padding_bottom":28}},"image_with_text_tN8D97":{"type":"image-with-text","blocks":{"heading_f7LxQN":{"type":"heading","settings":{"heading":"<strong>Lorem Ipsum<\/strong> ","heading_size":"h1"}},"text_WGyh3T":{"type":"text","settings":{"text":"<p><strong>Lorem Ipsum<\/strong>is simply dummy text of the printing and typesetting industry.<\/p>","text_style":"body"}}},"block_order":["heading_f7LxQN","text_WGyh3T"],"settings":{"image":"shopify:\/\/shop_images\/MediDrink_Banner_1.png","height":"adapt","desktop_image_width":"medium","layout":"image_first","desktop_content_position":"top","desktop_content_alignment":"left","content_layout":"no-overlap","section_color_scheme":"","color_scheme":"","image_behavior":"none","mobile_content_alignment":"left","padding_top":36,"padding_bottom":36}},"video_GMhbCT":{"type":"video","settings":{"heading":"Video","heading_size":"h1","enable_video_looping":false,"video_url":"https:\/\/youtu.be\/CE7OCXwNi7g?si=FEjSf3WM6r33ySjm","cover_image":"shopify:\/\/shop_images\/MediDrink_Blue.png","description":"","full_width":false,"color_scheme":"","padding_top":36,"padding_bottom":36}},"rich_text_dcVHzg":{"type":"rich-text","blocks":{"heading_qiqEG4":{"type":"heading","settings":{"heading":"Talk about your brand","heading_size":"h1"}},"text_KXDDMz":{"type":"text","settings":{"text":"<p>Share information about your brand with your customers. Describe a product, make announcements, or welcome customers to your store.<\/p>"}},"button_GqF6r8":{"type":"button","settings":{"button_label":"Read More","button_link":"#","button_style_secondary":false,"button_label_2":"","button_link_2":"","button_style_secondary_2":false}}},"block_order":["heading_qiqEG4","text_KXDDMz","button_GqF6r8"],"settings":{"desktop_content_position":"center","content_alignment":"center","color_scheme":"","full_width":true,"padding_top":40,"padding_bottom":52}}},"order":["main","image_with_text_tN8D97","video_GMhbCT","rich_text_dcVHzg"]}