{"sections":{"main":{"type":"main-product","blocks":{"vendor":{"type":"text","settings":{"text":"{{ product.vendor }}","text_style":"uppercase"}},"custom_liquid_NekpKk":{"type":"custom_liquid","settings":{"custom_liquid":"{% if settings.enable-wishlist %}\n                  <button onclick=\"toggleWishlist()\" class=\"wishlist_button\">\n                    <svg width=\"30px\" height=\"30px\" viewBox=\"0 0 24 24\" xmlns=\"http:\/\/www.w3.org\/2000\/svg\">\n                      <rect x=\"0\" fill=\"none\" width=\"24\" height=\"24\"\/>\n\n                      <g>\n\n                      <path d=\"M16.5 4.5c2.206 0 4 1.794 4 4 0 4.67-5.543 8.94-8.5 11.023C9.043 17.44 3.5 13.17 3.5 8.5c0-2.206 1.794-4 4-4 1.298 0 2.522.638 3.273 1.706L12 7.953l1.227-1.746c.75-1.07 1.975-1.707 3.273-1.707m0-1.5c-1.862 0-3.505.928-4.5 2.344C11.005 3.928 9.362 3 7.5 3 4.462 3 2 5.462 2 8.5c0 5.72 6.5 10.438 10 12.85 3.5-2.412 10-7.13 10-12.85C22 5.462 19.538 3 16.5 3z\"\/>\n\n                      <\/g>\n                    <\/svg>\n                  <\/button>\n                {% endif %}"}},"title":{"type":"title","settings":{}},"price":{"type":"price","settings":{}},"variant_picker":{"type":"variant_picker","settings":{"picker_type":"button"}},"quantity_selector":{"type":"quantity_selector","settings":{}},"buy_buttons":{"type":"buy_buttons","settings":{"show_dynamic_checkout":true,"show_gift_card_recipient":true}},"description":{"type":"description","settings":{}},"share":{"type":"share","settings":{"share_label":"Share"}},"custom_liquid_kUHLCM":{"type":"custom_liquid","settings":{"custom_liquid":"<p><a target=\"_nlank\" href=\"{{ product.metafields.custom.file_upload }}\">Product More Infomation<\/a><\/p>"}}},"block_order":["vendor","custom_liquid_NekpKk","title","price","variant_picker","quantity_selector","buy_buttons","description","share","custom_liquid_kUHLCM"],"settings":{"enable_sticky_info":true,"color_scheme":"background-1","media_size":"large","constrain_to_viewport":true,"media_fit":"contain","gallery_layout":"stacked","media_position":"left","image_zoom":"lightbox","mobile_thumbnails":"hide","hide_variants":true,"enable_video_looping":false,"padding_top":36,"padding_bottom":12}},"related-products":{"type":"related-products","settings":{"heading":"You may also like","heading_size":"h2","products_to_show":4,"columns_desktop":4,"color_scheme":"background-1","image_ratio":"square","image_shape":"default","show_secondary_image":true,"show_vendor":false,"show_rating":false,"columns_mobile":"2","padding_top":36,"padding_bottom":28}}},"order":["main","related-products"]}